-- phpMyAdmin SQL Dump
-- version 4.7.4
-- https://www.phpmyadmin.net/
--
-- Host: 127.0.0.1
-- Generation Time: 24 Jun 2024 pada 06.18
-- Versi Server: 10.1.30-MariaDB
-- PHP Version: 5.6.33

SET SQL_MODE = "NO_AUTO_VALUE_ON_ZERO";
SET AUTOCOMMIT = 0;
START TRANSACTION;
SET time_zone = "+00:00";


/*!40101 SET @OLD_CHARACTER_SET_CLIENT=@@CHARACTER_SET_CLIENT */;
/*!40101 SET @OLD_CHARACTER_SET_RESULTS=@@CHARACTER_SET_RESULTS */;
/*!40101 SET @OLD_COLLATION_CONNECTION=@@COLLATION_CONNECTION */;
/*!40101 SET NAMES utf8mb4 */;

--
-- Database: `toko`
--

-- --------------------------------------------------------

--
-- Struktur dari tabel `ci_sessions`
--

CREATE TABLE `ci_sessions` (
  `id` varchar(128) NOT NULL,
  `ip_address` varchar(45) NOT NULL,
  `timestamp` int(10) UNSIGNED NOT NULL DEFAULT '0',
  `data` blob NOT NULL
) ENGINE=InnoDB DEFAULT CHARSET=utf8mb4;

--
-- Dumping data untuk tabel `ci_sessions`
--

INSERT INTO `ci_sessions` (`id`, `ip_address`, `timestamp`, `data`) VALUES
('na11uhinhrp0liaj4jgs4rl4o2bs08np', '::1', 1719099951, 0x5f5f63695f6c6173745f726567656e65726174657c693a313731393039393833333b7265646972656374696f6e7c4e3b5f5f4143544956455f53455353494f4e5f444154417c733a3235363a2234623932306437333538336362313137613538393332306330373461323032313839646438316162376430396561303237666364373563623963303232313432306530643763366434643961316439623633306434643938333939626166343665633664363363616563616639633866666262633366333964396139646534624d54665669716a617a317177594c7647457835487a50396c54735a706b326933505162323378516e793046796c716e4c73627075447577794f686479486e364156683448514a34776c6a372b4d537a75687437546a53374b62624656533132415a53376a785837382b3742695445686e56574c536f50586353565357692f3045223b),
('sriql6jbqk7dm99rr876vliq4esd7hh2', '::1', 1719101187, 0x5f5f63695f6c6173745f726567656e65726174657c693a313731393130313039333b7265646972656374696f6e7c4e3b5f5f4143544956455f53455353494f4e5f444154417c733a3235363a2234623932306437333538336362313137613538393332306330373461323032313839646438316162376430396561303237666364373563623963303232313432306530643763366434643961316439623633306434643938333939626166343665633664363363616563616639633866666262633366333964396139646534624d54665669716a617a317177594c7647457835487a50396c54735a706b326933505162323378516e793046796c716e4c73627075447577794f686479486e364156683448514a34776c6a372b4d537a75687437546a53374b62624656533132415a53376a785837382b3742695445686e56574c536f50586353565357692f3045223b),
('hnhctdhkddfa20ajgume2ick9qec24f7', '::1', 1719101618, 0x5f5f63695f6c6173745f726567656e65726174657c693a313731393130313533333b7265646972656374696f6e7c4e3b5f5f4143544956455f53455353494f4e5f444154417c733a3235363a2234623932306437333538336362313137613538393332306330373461323032313839646438316162376430396561303237666364373563623963303232313432306530643763366434643961316439623633306434643938333939626166343665633664363363616563616639633866666262633366333964396139646534624d54665669716a617a317177594c7647457835487a50396c54735a706b326933505162323378516e793046796c716e4c73627075447577794f686479486e364156683448514a34776c6a372b4d537a75687437546a53374b62624656533132415a53376a785837382b3742695445686e56574c536f50586353565357692f3045223b),
('esqbg48fqakh6rmd5arohvuhbjcumnpl', '::1', 1719102328, 0x5f5f63695f6c6173745f726567656e65726174657c693a313731393130323033303b7265646972656374696f6e7c4e3b5f5f4143544956455f53455353494f4e5f444154417c733a3235363a2234623932306437333538336362313137613538393332306330373461323032313839646438316162376430396561303237666364373563623963303232313432306530643763366434643961316439623633306434643938333939626166343665633664363363616563616639633866666262633366333964396139646534624d54665669716a617a317177594c7647457835487a50396c54735a706b326933505162323378516e793046796c716e4c73627075447577794f686479486e364156683448514a34776c6a372b4d537a75687437546a53374b62624656533132415a53376a785837382b3742695445686e56574c536f50586353565357692f3045223b),
('vud45es6d1vsrknf7nvj2mk5udrgd27s', '::1', 1719102651, 0x5f5f63695f6c6173745f726567656e65726174657c693a313731393130323334333b7265646972656374696f6e7c4e3b5f5f4143544956455f53455353494f4e5f444154417c733a3235363a22616532333561323533636162616235663833383161633762353332646662303331326633326337376139616137323130376362303265306234353333313730303633663532326337333364316538356163326230383435316639666530666336663530386262663731363132373635613861656439333563303038653165316155465a365871334a6871476645314d476556615a617641435a545776364447324755516e46566a735a6b7932566a58635253437243364f7635794b316f5970504f7248683158466a5632454930517656354749505144687370695353374f70384f70525741624e676d446b2b444a443171557a376b2f5a762f4e4c53582b6c4c223b636172745f636f6e74656e74737c613a333a7b733a31303a22636172745f746f74616c223b643a33353030303b733a31313a22746f74616c5f6974656d73223b643a313b733a33323a223435633438636365326532643766626465613161666335316337633661643236223b613a363a7b733a323a226964223b733a313a2239223b733a333a22717479223b643a313b733a353a227072696365223b643a33353030303b733a343a226e616d65223b733a343a224170656c223b733a353a22726f776964223b733a33323a223435633438636365326532643766626465613161666335316337633661643236223b733a383a22737562746f74616c223b643a33353030303b7d7d),
('hksplok2vkr45qui17gbvrh15u141ng9', '::1', 1719102828, 0x5f5f63695f6c6173745f726567656e65726174657c693a313731393130323635383b7265646972656374696f6e7c4e3b5f5f4143544956455f53455353494f4e5f444154417c733a3235363a22616532333561323533636162616235663833383161633762353332646662303331326633326337376139616137323130376362303265306234353333313730303633663532326337333364316538356163326230383435316639666530666336663530386262663731363132373635613861656439333563303038653165316155465a365871334a6871476645314d476556615a617641435a545776364447324755516e46566a735a6b7932566a58635253437243364f7635794b316f5970504f7248683158466a5632454930517656354749505144687370695353374f70384f70525741624e676d446b2b444a443171557a376b2f5a762f4e4c53582b6c4c223b),
('6a29krtv4ru0nua0b8sjpq6qee8vgu1f', '::1', 1719103710, 0x5f5f63695f6c6173745f726567656e65726174657c693a313731393130333433313b7265646972656374696f6e7c4e3b5f5f4143544956455f53455353494f4e5f444154417c733a3235363a226136336334393964376666633631616264653033336464666339663934363133306435633664616331386638326136663764353764316437363830653535333839323538346331313539313465353835393065363735353630653564333839306436313666316630643139306261613739666338363433653562373439663534774c59326d6d2b567a5671397a2f6c69764c45414c5a71596c6b44317a39627239582b426a554b6c4b6c6e73706944357830346558726e44314d426c4c78465a386f4f414c48423252757375576b5232533675417a32627a6e71443751716152444d7142744764572f716a474a2f6734496f616c565a3952526f6241346a4a6c223b),
('ojrm7lnheiddt2te5g1uuaa0kijd13jn', '::1', 1719103967, 0x5f5f63695f6c6173745f726567656e65726174657c693a313731393130333734323b7265646972656374696f6e7c4e3b5f5f4143544956455f53455353494f4e5f444154417c733a3235363a226136336334393964376666633631616264653033336464666339663934363133306435633664616331386638326136663764353764316437363830653535333839323538346331313539313465353835393065363735353630653564333839306436313666316630643139306261613739666338363433653562373439663534774c59326d6d2b567a5671397a2f6c69764c45414c5a71596c6b44317a39627239582b426a554b6c4b6c6e73706944357830346558726e44314d426c4c78465a386f4f414c48423252757375576b5232533675417a32627a6e71443751716152444d7142744764572f716a474a2f6734496f616c565a3952526f6241346a4a6c223b),
('kb3u947ginaiv9rhjbt5surfiili76tc', '::1', 1719104167, 0x5f5f63695f6c6173745f726567656e65726174657c693a313731393130343036323b7265646972656374696f6e7c4e3b5f5f4143544956455f53455353494f4e5f444154417c733a3235363a226136336334393964376666633631616264653033336464666339663934363133306435633664616331386638326136663764353764316437363830653535333839323538346331313539313465353835393065363735353630653564333839306436313666316630643139306261613739666338363433653562373439663534774c59326d6d2b567a5671397a2f6c69764c45414c5a71596c6b44317a39627239582b426a554b6c4b6c6e73706944357830346558726e44314d426c4c78465a386f4f414c48423252757375576b5232533675417a32627a6e71443751716152444d7142744764572f716a474a2f6734496f616c565a3952526f6241346a4a6c223b),
('jt8u3qjt6l28mfb3fie7k9ajmjphfp9t', '::1', 1719104292, 0x5f5f63695f6c6173745f726567656e65726174657c693a313731393130343233333b7265646972656374696f6e7c4e3b5f5f4143544956455f53455353494f4e5f444154417c733a3235363a226461663038653032336536313130636637356533623161643932326666363532363138356563313331393837646133346636343732623032396635373738636136336334336461633162633865313430393238613439376637643463626637373564396339343238633430343630323963663534623763366139363938653066766d70424b7a6f6e59487079586b614c72694f48574638626e7a6d3252665631476d75476f4f6339687269474e39634d4c37334e4270626f66693434326b59344476515638437636752b5670464d324e515441496e412f58557769515739702b54354a4c73383947454965562f6c7532536e6d4b5a7a37424b5a585975647070223b),
('8fmsv974emh3iasf30daau3gdogrlocm', '::1', 1719104502, 0x5f5f63695f6c6173745f726567656e65726174657c693a313731393130343336363b5f5f4143544956455f53455353494f4e5f444154417c733a3235363a2230666462633537303361643764393763356631343166373334393638393038366336346361663764383333393633326266366630643263613639366137633639303633366339353239653830613434343837393362643263346438383035633834616637393231663332353435383663383766363433666535383334376135324a536f4674554e5272497233434970323855414d52424234303472517430356f46594f6543734459707070426b3358474c5156507736422f32723037584f6b4f70594a6b5a48336c36646667707a2b4834422b5433705a4b5358635632746b734147446c2f4e774e37477a4d6a4a7949336e53476b6242746458366856464d35223b7265646972656374696f6e7c733a35323a226148523063446f764c327876593246736147397a64433930623274764c326c755a4756344c6e426f634339685a47317062673d3d223b),
('1nqmish5u0qdlgelv93ursls9i0gmlqe', '::1', 1719105003, 0x5f5f63695f6c6173745f726567656e65726174657c693a313731393130343830393b5f5f4143544956455f53455353494f4e5f444154417c733a3235363a2230666462633537303361643764393763356631343166373334393638393038366336346361663764383333393633326266366630643263613639366137633639303633366339353239653830613434343837393362643263346438383035633834616637393231663332353435383663383766363433666535383334376135324a536f4674554e5272497233434970323855414d52424234303472517430356f46594f6543734459707070426b3358474c5156507736422f32723037584f6b4f70594a6b5a48336c36646667707a2b4834422b5433705a4b5358635632746b734147446c2f4e774e37477a4d6a4a7949336e53476b6242746458366856464d35223b7265646972656374696f6e7c733a35323a226148523063446f764c327876593246736147397a64433930623274764c326c755a4756344c6e426f634339685a47317062673d3d223b70726f66696c657c733a32373a2250726f66696c20626572686173696c206469706572626172756921223b5f5f63695f766172737c613a313a7b733a373a2270726f66696c65223b733a333a226f6c64223b7d),
('928j9vqgv39ogla19e0bnrmvkht58b6k', '::1', 1719106282, 0x5f5f63695f6c6173745f726567656e65726174657c693a313731393130363237383b5f5f4143544956455f53455353494f4e5f444154417c733a3235363a2230666462633537303361643764393763356631343166373334393638393038366336346361663764383333393633326266366630643263613639366137633639303633366339353239653830613434343837393362643263346438383035633834616637393231663332353435383663383766363433666535383334376135324a536f4674554e5272497233434970323855414d52424234303472517430356f46594f6543734459707070426b3358474c5156507736422f32723037584f6b4f70594a6b5a48336c36646667707a2b4834422b5433705a4b5358635632746b734147446c2f4e774e37477a4d6a4a7949336e53476b6242746458366856464d35223b7265646972656374696f6e7c733a35323a226148523063446f764c327876593246736147397a64433930623274764c326c755a4756344c6e426f634339685a47317062673d3d223b70726f66696c657c733a32373a2250726f66696c20626572686173696c206469706572626172756921223b5f5f63695f766172737c613a313a7b733a373a2270726f66696c65223b733a333a226f6c64223b7d),
('id3r1da577nldnpq2rqp8mig6nqs5usc', '::1', 1719132323, 0x5f5f63695f6c6173745f726567656e65726174657c693a313731393133323034353b7265646972656374696f6e7c4e3b5f5f4143544956455f53455353494f4e5f444154417c733a3235363a2234303333646239656161376230646639616230353661303236303062346266636234376530326265373536363336306661353061353966316365633165323933353538303136636363376132353362623933346561313335343561663361363430653733633537346437383639333535663231346239333935366266383265355659426f6a646755692b7a3854535a3234584a6b53563971304f724862504c794c5a706a2f3755462b547033394268774e664151425967424b4e7378514633333475757035366f2f764f4456616f4e6863704c6f346d41434146303076615a714b5036554164757242752b4d654432355663466934427a59656c387541705465223b),
('rk0l90t4tk9k191hvk7jcjrpeai85003', '::1', 1719132564, 0x5f5f63695f6c6173745f726567656e65726174657c693a313731393133323433343b7265646972656374696f6e7c4e3b5f5f4143544956455f53455353494f4e5f444154417c733a3235363a2238313737666365613937336430616536643464643264636531366130306131336233323035646462663165333339613730623262633937653765636138313132343362363433636533646265376430336133663133626464396462636266366366353335343839613036666335643361346233316566393032396138616138344c662b496c3368376b43486674624f675536586c71474543754e5658436d6b31326966486e6d4e4c7164374a666f434b393451416c513242775a337261436d3744525a39626b7450794773674f4c47304f645a684c38694b66656f457671474a627435456e614c326a2f784139414d4962516f52584850555976416b7748385a223b),
('gb0gon6k07pufo0tlbil15itumhrncau', '::1', 1719132872, 0x5f5f63695f6c6173745f726567656e65726174657c693a313731393133323737313b7265646972656374696f6e7c4e3b5f5f4143544956455f53455353494f4e5f444154417c733a3235363a2238313737666365613937336430616536643464643264636531366130306131336233323035646462663165333339613730623262633937653765636138313132343362363433636533646265376430336133663133626464396462636266366366353335343839613036666335643361346233316566393032396138616138344c662b496c3368376b43486674624f675536586c71474543754e5658436d6b31326966486e6d4e4c7164374a666f434b393451416c513242775a337261436d3744525a39626b7450794773674f4c47304f645a684c38694b66656f457671474a627435456e614c326a2f784139414d4962516f52584850555976416b7748385a223b),
('qscgp3lup3ca0n7qf4h6mbjo9b9acr1f', '::1', 1719134159, 0x5f5f63695f6c6173745f726567656e65726174657c693a313731393133333934303b7265646972656374696f6e7c4e3b5f5f4143544956455f53455353494f4e5f444154417c733a3235363a2238313737666365613937336430616536643464643264636531366130306131336233323035646462663165333339613730623262633937653765636138313132343362363433636533646265376430336133663133626464396462636266366366353335343839613036666335643361346233316566393032396138616138344c662b496c3368376b43486674624f675536586c71474543754e5658436d6b31326966486e6d4e4c7164374a666f434b393451416c513242775a337261436d3744525a39626b7450794773674f4c47304f645a684c38694b66656f457671474a627435456e614c326a2f784139414d4962516f52584850555976416b7748385a223b),
('1efubcgtlu2h79ec3i73en21sk3m1rbr', '::1', 1719134670, 0x5f5f63695f6c6173745f726567656e65726174657c693a313731393133343435373b7265646972656374696f6e7c4e3b5f5f4143544956455f53455353494f4e5f444154417c733a3235363a22393438383437303732373163646164393737666531323265333530363066373063363333656362383130363730663639353563363261363166363638393165363935303132616134643465653361383933646162653466306535306463373932343633313834333533366335663366393635636537376465626165663765663842587a636e66557236304772564d6c6c35333947512f6d4771762f795a69426b4c2f3539562f4f4150544e6a75536f37344669344443625974554e4261787149445950716e775a44576646654b33505a497631326657562b78776b496232466e2b716a3535584f412f762f48452b774766574b65715145634c507839356e4b32223b),
('6iavucijd17f6ufl9l5uig9sohrhfihr', '::1', 1719135114, 0x5f5f63695f6c6173745f726567656e65726174657c693a313731393133343831343b7265646972656374696f6e7c4e3b5f5f4143544956455f53455353494f4e5f444154417c733a3235363a22393438383437303732373163646164393737666531323265333530363066373063363333656362383130363730663639353563363261363166363638393165363935303132616134643465653361383933646162653466306535306463373932343633313834333533366335663366393635636537376465626165663765663842587a636e66557236304772564d6c6c35333947512f6d4771762f795a69426b4c2f3539562f4f4150544e6a75536f37344669344443625974554e4261787149445950716e775a44576646654b33505a497631326657562b78776b496232466e2b716a3535584f412f762f48452b774766574b65715145634c507839356e4b32223b),
('6drtpaercobr8fe94hjj6nnkj4ku9ige', '::1', 1719135384, 0x5f5f63695f6c6173745f726567656e65726174657c693a313731393133353131383b7265646972656374696f6e7c4e3b5f5f4143544956455f53455353494f4e5f444154417c733a3235363a226663393162363966396237626462653865636562356561383939396333663536323231396232613962613462343432316163373231613933313437623463636461373937633633643931326530373534646165393039636536393263333539663333303163386436613137376266316137636162363564313239613036303734356d73456f655a61425a486d77446658374a4c597139717247514b72632b4f664e754c69735a7150486556454872765856376e5a7741744c3454333374386654614470636f676270386d344c6d6264557067584e2f30747073514156574f42397931342b527850757152467157584471702f6343714d32472f395233394f7151223b),
('dprloa18rhmbn6u0aj0em674l12atlop', '::1', 1719135631, 0x5f5f63695f6c6173745f726567656e65726174657c693a313731393133353432383b7265646972656374696f6e7c4e3b5f5f4143544956455f53455353494f4e5f444154417c733a3235363a2237613332343032646236343732386530613434376564666539626432383061306230373134613564333462353066613739323862313632656131313333626561333530643963343936633761313530306433303035663365646231623337373237396130306135643965313964633966313432323566663161353131633538633951496c56483554526a5041477a38674a56716b394e52594b39636859627941637a30475a7a5177506c4556783858595a34386f6a34766b6337446273566b67314d6d2b4933346d696b7277412f4f614a326e6f4a442f316170557734355a6a4e575a314464754c6b7454665a7475517a437a4d414666485179344431787370223b),
('f7oiblqbeemv0s7biokbh221kg25fihp', '::1', 1719135816, 0x5f5f63695f6c6173745f726567656e65726174657c693a313731393133353735333b7265646972656374696f6e7c4e3b5f5f4143544956455f53455353494f4e5f444154417c733a3235363a2237613332343032646236343732386530613434376564666539626432383061306230373134613564333462353066613739323862313632656131313333626561333530643963343936633761313530306433303035663365646231623337373237396130306135643965313964633966313432323566663161353131633538633951496c56483554526a5041477a38674a56716b394e52594b39636859627941637a30475a7a5177506c4556783858595a34386f6a34766b6337446273566b67314d6d2b4933346d696b7277412f4f614a326e6f4a442f316170557734355a6a4e575a314464754c6b7454665a7475517a437a4d414666485179344431787370223b),
('5sudh81oj3cshri80ee6bs3st5d7d8l5', '::1', 1719136406, 0x5f5f63695f6c6173745f726567656e65726174657c693a313731393133363135333b7265646972656374696f6e7c4e3b5f5f4143544956455f53455353494f4e5f444154417c733a3235363a2237613332343032646236343732386530613434376564666539626432383061306230373134613564333462353066613739323862313632656131313333626561333530643963343936633761313530306433303035663365646231623337373237396130306135643965313964633966313432323566663161353131633538633951496c56483554526a5041477a38674a56716b394e52594b39636859627941637a30475a7a5177506c4556783858595a34386f6a34766b6337446273566b67314d6d2b4933346d696b7277412f4f614a326e6f4a442f316170557734355a6a4e575a314464754c6b7454665a7475517a437a4d414666485179344431787370223b),
('a9isgaedviv7odou3mof0tnh3hge4t9t', '::1', 1719136569, 0x5f5f63695f6c6173745f726567656e65726174657c693a313731393133363436353b7265646972656374696f6e7c4e3b5f5f4143544956455f53455353494f4e5f444154417c733a3235363a2237613332343032646236343732386530613434376564666539626432383061306230373134613564333462353066613739323862313632656131313333626561333530643963343936633761313530306433303035663365646231623337373237396130306135643965313964633966313432323566663161353131633538633951496c56483554526a5041477a38674a56716b394e52594b39636859627941637a30475a7a5177506c4556783858595a34386f6a34766b6337446273566b67314d6d2b4933346d696b7277412f4f614a326e6f4a442f316170557734355a6a4e575a314464754c6b7454665a7475517a437a4d414666485179344431787370223b),
('ekkkj46qr22nuddk2o1nru67c0rkae09', '::1', 1719190099, 0x5f5f63695f6c6173745f726567656e65726174657c693a313731393139303038353b7265646972656374696f6e7c733a35323a226148523063446f764c327876593246736147397a64433930623274764c326c755a4756344c6e426f634339685a47317062673d3d223b),
('dp5jia2apk3c8rc9miiklmviuile05aq', '::1', 1719194532, 0x5f5f63695f6c6173745f726567656e65726174657c693a313731393139343235303b7265646972656374696f6e7c4e3b5f5f4143544956455f53455353494f4e5f444154417c733a3235363a22636365346331633364366663356638633261643539633039373535663363636264373365653839386631663537386665303136656233326436366534303838646134326265313062396337393830343465626261623462356261316266383832366530336131623539613935663339356632623564653061373938366637336134416b71615843743353444e39366659464b6567614b6c4b7a6337466778344e716b486e7171575530707a4230502b3356516a774976694e30394b5a45477839334e52536e6e3863486c4a4f5a714147742f39705a5452754b6b584c636e38716e6e396256337675794b4366686b41454975576d6950386b546570454e2b354d223b),
('e3jqua31crdlpr1ghilgdc59d1b5r9mn', '::1', 1719194440, 0x5f5f63695f6c6173745f726567656e65726174657c693a313731393139343239303b7265646972656374696f6e7c4e3b5f5f4143544956455f53455353494f4e5f444154417c733a3235363a22336333333338663166363666326531633064616632303061326263373635356336646432376432316338316663383830316632383666636139326236613265326439303631663639643336653530316363373765643866363562666562343235343939333338303431636361643161393133373434643765626562303562633043656e3932637a753035506f4265446741644531646743704e38304f5161677957673852395a53665078642b5a2f666a6744565a6433544d4f4c6267412b6b7865675a327a7a39336769597156786137415a414e73376973596130714d354b62557963756b79744838485758523536684134372f42646a55306c65344e4a7a49223b),
('r6al2r1p2254ubejv4eoabf1vd5975s7', '::1', 1719194758, 0x5f5f63695f6c6173745f726567656e65726174657c693a313731393139343536343b7265646972656374696f6e7c4e3b5f5f4143544956455f53455353494f4e5f444154417c733a3235363a2230366332633566643064646334396535333565383437306430663537363435343632396264623938653831373831636334343264613866353764353932336139623362386663373535333638353833383533306135303232623362373536333864636131303136373133636139653865306566636661663831646532323637396c63444b71636d366e4843395876617677645630305547573963445267586e74786135613237624766445676716b4f58766c4838736c6b3441347a64573643762b756e576c677a6e6f6c63504c7971346c4a506b5068647a6d524954436339796c6d364a6172575751597335535846773279754b6b736254655a616e65557862223b),
('63u8o1dhctdkvl7l1rfd45944ghcls95', '::1', 1719194971, 0x5f5f63695f6c6173745f726567656e65726174657c693a313731393139343731323b7265646972656374696f6e7c4e3b5f5f4143544956455f53455353494f4e5f444154417c733a3235363a22336333333338663166363666326531633064616632303061326263373635356336646432376432316338316663383830316632383666636139326236613265326439303631663639643336653530316363373765643866363562666562343235343939333338303431636361643161393133373434643765626562303562633043656e3932637a753035506f4265446741644531646743704e38304f5161677957673852395a53665078642b5a2f666a6744565a6433544d4f4c6267412b6b7865675a327a7a39336769597156786137415a414e73376973596130714d354b62557963756b79744838485758523536684134372f42646a55306c65344e4a7a49223b),
('ba1m3ickfeu39umb8eqq89vdhjqbfv1n', '::1', 1719195166, 0x5f5f63695f6c6173745f726567656e65726174657c693a313731393139343838333b7265646972656374696f6e7c4e3b5f5f4143544956455f53455353494f4e5f444154417c733a3235363a2230366332633566643064646334396535333565383437306430663537363435343632396264623938653831373831636334343264613866353764353932336139623362386663373535333638353833383533306135303232623362373536333864636131303136373133636139653865306566636661663831646532323637396c63444b71636d366e4843395876617677645630305547573963445267586e74786135613237624766445676716b4f58766c4838736c6b3441347a64573643762b756e576c677a6e6f6c63504c7971346c4a506b5068647a6d524954436339796c6d364a6172575751597335535846773279754b6b736254655a616e65557862223b7061796d656e745f666c6173687c733a33323a2250656d6261796172616e20626572686173696c2064696b6f6e6669726d617369223b5f5f63695f766172737c613a313a7b733a31333a227061796d656e745f666c617368223b733a333a226f6c64223b7d),
('dkthlkk8kofnan1qt8dgbluflv8sajgc', '::1', 1719195152, 0x5f5f63695f6c6173745f726567656e65726174657c693a313731393139353032313b7265646972656374696f6e7c4e3b5f5f4143544956455f53455353494f4e5f444154417c733a3235363a22336333333338663166363666326531633064616632303061326263373635356336646432376432316338316663383830316632383666636139326236613265326439303631663639643336653530316363373765643866363562666562343235343939333338303431636361643161393133373434643765626562303562633043656e3932637a753035506f4265446741644531646743704e38304f5161677957673852395a53665078642b5a2f666a6744565a6433544d4f4c6267412b6b7865675a327a7a39336769597156786137415a414e73376973596130714d354b62557963756b79744838485758523536684134372f42646a55306c65344e4a7a49223b7061796d656e745f666c6173687c733a37393a224b6f6e6669726d61736920626572686173696c2064696c616b756b616e2e2041646d696e20616b616e206d656d7665726966696b6173696e79612064616c616d2077616b74752031783234206a616d223b5f5f63695f766172737c613a313a7b733a31333a227061796d656e745f666c617368223b733a333a226f6c64223b7d),
('doh453oqi5jhakgg6g8ri1qki15dvdj7', '::1', 1719200590, 0x5f5f63695f6c6173745f726567656e65726174657c693a313731393230303436333b7265646972656374696f6e7c4e3b5f5f4143544956455f53455353494f4e5f444154417c733a3235363a2230366332633566643064646334396535333565383437306430663537363435343632396264623938653831373831636334343264613866353764353932336139623362386663373535333638353833383533306135303232623362373536333864636131303136373133636139653865306566636661663831646532323637396c63444b71636d366e4843395876617677645630305547573963445267586e74786135613237624766445676716b4f58766c4838736c6b3441347a64573643762b756e576c677a6e6f6c63504c7971346c4a506b5068647a6d524954436339796c6d364a6172575751597335535846773279754b6b736254655a616e65557862223b),
('c9pv7cd840d4tl5o0me4vu6ka3nme0ck', '::1', 1719200912, 0x5f5f63695f6c6173745f726567656e65726174657c693a313731393230303839323b7265646972656374696f6e7c4e3b5f5f4143544956455f53455353494f4e5f444154417c733a3235363a2230366332633566643064646334396535333565383437306430663537363435343632396264623938653831373831636334343264613866353764353932336139623362386663373535333638353833383533306135303232623362373536333864636131303136373133636139653865306566636661663831646532323637396c63444b71636d366e4843395876617677645630305547573963445267586e74786135613237624766445676716b4f58766c4838736c6b3441347a64573643762b756e576c677a6e6f6c63504c7971346c4a506b5068647a6d524954436339796c6d364a6172575751597335535846773279754b6b736254655a616e65557862223b);

-- --------------------------------------------------------

--
-- Struktur dari tabel `contacts`
--

CREATE TABLE `contacts` (
  `id` int(10) NOT NULL,
  `parent_id` int(10) DEFAULT NULL,
  `name` varchar(32) NOT NULL,
  `subject` varchar(128) DEFAULT NULL,
  `email` varchar(64) NOT NULL,
  `message` mediumtext NOT NULL,
  `contact_date` datetime DEFAULT NULL,
  `status` tinyint(1) DEFAULT '1',
  `reply_at` datetime DEFAULT NULL
) ENGINE=InnoDB DEFAULT CHARSET=utf8mb4;

--
-- Dumping data untuk tabel `contacts`
--

INSERT INTO `contacts` (`id`, `parent_id`, `name`, `subject`, `email`, `message`, `contact_date`, `status`, `reply_at`) VALUES
(2, NULL, 'userni', 'riview', 'user123@gmail.com', 'Barang Sesuai Pengiriman Cepat', '2024-06-13 11:52:54', 2, NULL),
(3, NULL, 'pengguna', 'riview', 'namin@gmail.com', 'COBA CONTACT', '2024-06-20 15:00:06', 2, NULL),
(4, NULL, 'userni', 'riview', 'user123@gmail.com', 'hallo admin', '2024-06-21 06:29:40', 2, NULL);

-- --------------------------------------------------------

--
-- Struktur dari tabel `coupons`
--

CREATE TABLE `coupons` (
  `id` bigint(20) NOT NULL,
  `name` varchar(191) NOT NULL,
  `code` varchar(32) NOT NULL,
  `credit` decimal(8,2) NOT NULL,
  `start_date` date NOT NULL,
  `expired_date` date NOT NULL,
  `is_active` tinyint(4) DEFAULT '1'
) ENGINE=InnoDB DEFAULT CHARSET=utf8mb4;

--
-- Dumping data untuk tabel `coupons`
--

INSERT INTO `coupons` (`id`, `name`, `code`, `credit`, `start_date`, `expired_date`, `is_active`) VALUES
(6, 'Belanja2024', 'ONLINEAJA', '10000.00', '2024-06-16', '2024-07-16', 1),
(7, 'Belimakanandanminuman', 'AYAMIDUP', '15000.00', '2024-06-29', '2024-07-31', 1);

-- --------------------------------------------------------

--
-- Struktur dari tabel `customers`
--

CREATE TABLE `customers` (
  `id` bigint(20) NOT NULL,
  `user_id` bigint(20) UNSIGNED DEFAULT NULL,
  `name` varchar(191) NOT NULL,
  `phone_number` varchar(32) DEFAULT NULL,
  `address` varchar(191) NOT NULL,
  `profile_picture` varchar(191) DEFAULT NULL
) ENGINE=InnoDB DEFAULT CHARSET=utf8mb4;

--
-- Dumping data untuk tabel `customers`
--

INSERT INTO `customers` (`id`, `user_id`, `name`, `phone_number`, `address`, `profile_picture`) VALUES
(8, 9, 'admin', '08726271819', 'kampung halaman', NULL),
(9, 11, 'asep', '0865337383', 'kampung durian runtoh', NULL),
(10, 12, 'admincoba', '202939029182', 'indo', NULL),
(11, 13, 'sapisayur', '083764763', 'gunung', NULL),
(12, 14, 'naminmin', '08981809801', 'indo', NULL),
(13, 15, 'user', '083726252', 'kampung halaman', 'profil214.jpg');

-- --------------------------------------------------------

--
-- Struktur dari tabel `orders`
--

CREATE TABLE `orders` (
  `id` bigint(20) NOT NULL,
  `user_id` bigint(20) UNSIGNED DEFAULT NULL,
  `coupon_id` bigint(20) DEFAULT NULL,
  `order_number` varchar(16) NOT NULL,
  `order_status` enum('1','2','3','4','5') DEFAULT '1',
  `order_date` datetime NOT NULL,
  `total_price` decimal(8,2) DEFAULT NULL,
  `total_items` int(10) DEFAULT NULL,
  `payment_method` int(11) DEFAULT '1',
  `delivery_data` text,
  `delivered_date` datetime DEFAULT NULL,
  `finish_date` datetime DEFAULT NULL
) ENGINE=InnoDB DEFAULT CHARSET=utf8mb4;

--
-- Dumping data untuk tabel `orders`
--

INSERT INTO `orders` (`id`, `user_id`, `coupon_id`, `order_number`, `order_status`, `order_date`, `total_price`, `total_items`, `payment_method`, `delivery_data`, `delivered_date`, `finish_date`) VALUES
(12, 11, NULL, 'NQO11524211376', '1', '2024-05-11 15:32:22', '77000.00', 2, 2, '{\"customer\":{\"name\":\"asep\",\"phone_number\":\"0865337383\",\"address\":\"kampung durian runtoh\"},\"note\":\"\"}', NULL, NULL),
(13, 15, NULL, 'YWO10624115081', '1', '2024-06-10 18:49:52', '31000.00', 1, 2, '{\"customer\":{\"name\":\"userni\",\"phone_number\":\"083726252\",\"address\":\"kampung halaman\"},\"note\":\"\"}', NULL, NULL),
(14, 15, NULL, 'OVQ13624415369', '3', '2024-06-13 12:05:18', '137000.00', 4, 1, '{\"customer\":{\"name\":\"STAVOL\",\"phone_number\":\"083726252\",\"address\":\"kampung halaman\"},\"note\":\"\"}', NULL, NULL),
(15, 15, NULL, 'WAB20624215604', '2', '2024-06-20 09:13:26', '14000.00', 2, 1, '{\"customer\":{\"name\":\"userni\",\"phone_number\":\"083726252\",\"address\":\"kampung halaman\"},\"note\":\"\"}', NULL, NULL),
(16, 15, NULL, 'PKS20624115402', '3', '2024-06-20 15:03:14', '13000.00', 1, 1, '{\"customer\":{\"name\":\"userni\",\"phone_number\":\"083726252\",\"address\":\"kampung halaman\"},\"note\":\"\"}', NULL, NULL),
(17, 15, NULL, 'TYW23624115479', '1', '2024-06-23 07:31:43', '35000.00', 1, 1, '{\"customer\":{\"name\":\"userni\",\"phone_number\":\"083726252\",\"address\":\"kampung halaman\"},\"note\":\"\"}', NULL, NULL),
(18, 15, NULL, 'GEI23624115430', '1', '2024-06-23 07:44:04', '33000.00', 1, 2, '{\"customer\":{\"name\":\"userni\",\"phone_number\":\"083726252\",\"address\":\"kampung halaman\"},\"note\":\"\"}', NULL, NULL),
(19, 15, NULL, 'BIU23624115098', '3', '2024-06-23 07:45:14', '10000.00', 1, 2, '{\"customer\":{\"name\":\"userni\",\"phone_number\":\"083726252\",\"address\":\"kampung halaman\"},\"note\":\"\"}', NULL, NULL),
(20, 15, NULL, 'BNH23624115782', '2', '2024-06-23 16:27:24', '6000.00', 1, 1, '{\"customer\":{\"name\":\"user\",\"phone_number\":\"083726252\",\"address\":\"kampung halaman\"},\"note\":\"\"}', NULL, NULL),
(21, 15, 7, 'VWY246241157874', '2', '2024-06-24 09:06:32', '15000.00', 1, 1, '{\"customer\":{\"name\":\"user\",\"phone_number\":\"083726252\",\"address\":\"kampung halaman\"},\"note\":\"\"}', NULL, NULL),
(22, 15, 6, 'PAX246241156162', '2', '2024-06-24 09:12:02', '23000.00', 1, 1, '{\"customer\":{\"name\":\"user\",\"phone_number\":\"083726252\",\"address\":\"kampung halaman\"},\"note\":\"\"}', NULL, NULL);

-- --------------------------------------------------------

--
-- Struktur dari tabel `order_items`
--

CREATE TABLE `order_items` (
  `id` bigint(20) NOT NULL,
  `order_id` bigint(20) DEFAULT NULL,
  `product_id` bigint(20) DEFAULT NULL,
  `order_qty` int(10) NOT NULL,
  `order_price` decimal(8,2) DEFAULT NULL
) ENGINE=InnoDB DEFAULT CHARSET=utf8mb4;

--
-- Dumping data untuk tabel `order_items`
--

INSERT INTO `order_items` (`id`, `order_id`, `product_id`, `order_qty`, `order_price`) VALUES
(19, 12, 10, 1, '12000.00'),
(20, 12, 1, 1, '65000.00'),
(21, 13, 2, 1, '31000.00'),
(22, 14, 1, 1, '3000.00'),
(23, 14, 10, 1, '12000.00'),
(24, 14, 17, 1, '32000.00'),
(25, 14, 18, 1, '90000.00'),
(26, 15, 1, 1, '3000.00'),
(27, 15, 2, 1, '8000.00'),
(28, 16, 4, 1, '10000.00'),
(29, 17, 9, 1, '35000.00'),
(30, 18, 14, 1, '33000.00'),
(31, 19, 5, 1, '7000.00'),
(32, 20, 1, 1, '3000.00'),
(33, 21, 16, 1, '30000.00'),
(34, 22, 19, 1, '33000.00');

-- --------------------------------------------------------

--
-- Struktur dari tabel `payments`
--

CREATE TABLE `payments` (
  `id` bigint(20) NOT NULL,
  `order_id` bigint(20) DEFAULT NULL,
  `payment_price` decimal(8,2) DEFAULT NULL,
  `payment_date` datetime NOT NULL,
  `picture_name` varchar(191) DEFAULT NULL,
  `payment_status` enum('1','2','3') DEFAULT '1',
  `confirmed_date` datetime DEFAULT NULL,
  `payment_data` text
) ENGINE=InnoDB DEFAULT CHARSET=utf8mb4;

--
-- Dumping data untuk tabel `payments`
--

INSERT INTO `payments` (`id`, `order_id`, `payment_price`, `payment_date`, `picture_name`, `payment_status`, `confirmed_date`, `payment_data`) VALUES
(7, 14, '137.00', '2024-06-13 12:16:34', 'ayam.jpg', '2', NULL, '{\"transfer_to\":\"bank-bri\",\"source\":{\"bank\":\"BRI\",\"name\":\"STAVOL\",\"number\":\"847589347938\"}}'),
(8, 15, '14000.00', '2024-06-20 09:17:11', 'strukjpg.jpg', '1', NULL, '{\"transfer_to\":\"bank-bri\",\"source\":{\"bank\":\"BRI\",\"name\":\"pengguna\",\"number\":\"9238390232\"}}'),
(9, 16, '13.00', '2024-06-20 15:04:00', 'strukjpg1.jpg', '2', NULL, '{\"transfer_to\":\"bank-jago-xx\",\"source\":{\"bank\":\"BRI\",\"name\":\"naminmin\",\"number\":\"9238390232\"}}'),
(10, 20, '100000.00', '2024-06-24 08:59:53', 'strukjpg2.jpg', '2', NULL, '{\"transfer_to\":\"bank-bri\",\"source\":{\"bank\":\"BRI\",\"name\":\"pengguna\",\"number\":\"9238390232\"}}'),
(11, 21, '15000.00', '2024-06-24 09:07:52', 'strukjpg3.jpg', '3', NULL, '{\"transfer_to\":\"bank-bri\",\"source\":{\"bank\":\"BRI\",\"name\":\"rehan\",\"number\":\"92383902333\"}}'),
(12, 22, '23000.00', '2024-06-24 09:12:32', 'strukjpg4.jpg', '2', NULL, '{\"transfer_to\":\"bank-bri\",\"source\":{\"bank\":\"BRI\",\"name\":\"pengguna\",\"number\":\"9238390232\"}}');

-- --------------------------------------------------------

--
-- Struktur dari tabel `products`
--

CREATE TABLE `products` (
  `id` bigint(20) NOT NULL,
  `category_id` int(10) DEFAULT NULL,
  `sku` varchar(32) DEFAULT NULL,
  `name` varchar(191) NOT NULL,
  `description` varchar(191) DEFAULT NULL,
  `picture_name` varchar(191) DEFAULT NULL,
  `price` decimal(8,2) NOT NULL,
  `current_discount` decimal(8,2) DEFAULT '0.00',
  `stock` int(10) NOT NULL,
  `product_unit` varchar(32) DEFAULT NULL,
  `is_available` tinyint(1) DEFAULT '1',
  `add_date` datetime DEFAULT NULL
) ENGINE=InnoDB DEFAULT CHARSET=utf8mb4;

--
-- Dumping data untuk tabel `products`
--

INSERT INTO `products` (`id`, `category_id`, `sku`, `name`, `description`, `picture_name`, `price`, `current_discount`, `stock`, `product_unit`, `is_available`, `add_date`) VALUES
(1, 2, 'SB750372', 'Minuman Cincau', NULL, 'cincau.jpg', '8000.00', '5000.00', 300, 'pcs', 1, '2024-06-13 15:02:52'),
(2, 1, 'BS350420', 'Sari Gandum', NULL, 'b359fb78596361f6b335fd3790541b3a.png', '10000.00', '2000.00', 1, 'pcs', 1, '2024-06-13 15:03:40'),
(4, 2, 'TS120790', 'SUSU', NULL, 'BearBrand.jpg', '10000.00', '0.00', 20, 'pcs', 1, '2024-06-13 19:36:30'),
(5, 2, 'WS120811', 'Milo', NULL, 'Milo.jpg', '7000.00', '0.00', 200, 'pcs', 1, '2024-06-13 19:36:51'),
(8, 1, 'PS220885', 'Paprika', NULL, 'product-12.jpg', '20000.00', '0.00', 20, 'Kg', 1, '2024-06-13 19:38:05'),
(9, 2, 'AB450163', 'Apel', NULL, 'product-10.jpg', '40000.00', '5000.00', 50, 'Kg', 1, '2024-06-13 19:42:43'),
(10, 1, 'BMS120283', 'Bawang Merah', NULL, 'product-9.jpg', '12000.00', '0.00', 20, 'Kg', 1, '2024-06-13 19:44:42'),
(11, 1, 'URS13301', 'Ubi Rambat', NULL, 'product-4.jpg', '15000.00', '0.00', 3, 'Kg', 1, '2024-06-13 19:45:01'),
(12, 1, 'BPS15347', 'Bawang Putih', NULL, 'product-111.jpg', '15000.00', '0.00', 5, 'Kg', 1, '2024-06-13 19:45:47'),
(13, 1, 'KPS223370', 'Kacang Polong', NULL, 'product-3.jpg', '20000.00', '0.00', 23, 'Kg', 1, '2024-06-13 19:46:10'),
(14, 1, 'CMS410424', 'Cabai Merah', NULL, 'product-121.jpg', '40000.00', '7000.00', 10, 'Kg', 1, '2024-06-13 19:47:04'),
(15, 1, 'LM130670', 'Brokoli', NULL, 'product-6.jpg', '15000.00', '0.00', 23, 'ons', 1, '2024-06-13 11:07:50'),
(16, 2, 'PM1100115', 'Ayam', NULL, 'ayam.jpg', '30000.00', '0.00', 120, 'kg', 1, '2024-06-13 11:15:15'),
(17, 1, 'DSM3100905', 'Salmon', NULL, 'Salmon1.jpg', '32000.00', '0.00', 100, 'ons', 1, '2024-06-13 11:28:25'),
(18, 1, 'SM9100347', 'Sapi', NULL, 'Steak.png', '90000.00', '0.00', 100, 'Kg', 1, '2024-06-13 11:35:47'),
(19, 1, 'TM3100791', 'Telur', NULL, 'telur2.jpg', '33000.00', '0.00', 100, 'kotak', 1, '2024-06-13 11:43:11');

-- --------------------------------------------------------

--
-- Struktur dari tabel `product_category`
--

CREATE TABLE `product_category` (
  `id` int(10) NOT NULL,
  `name` varchar(191) NOT NULL
) ENGINE=InnoDB DEFAULT CHARSET=utf8mb4;

--
-- Dumping data untuk tabel `product_category`
--

INSERT INTO `product_category` (`id`, `name`) VALUES
(1, 'Makanan'),
(2, 'Minuman');

-- --------------------------------------------------------

--
-- Struktur dari tabel `reviews`
--

CREATE TABLE `reviews` (
  `id` bigint(20) NOT NULL,
  `user_id` bigint(20) UNSIGNED DEFAULT NULL,
  `order_id` bigint(20) DEFAULT NULL,
  `title` varchar(191) DEFAULT NULL,
  `review_text` mediumtext NOT NULL,
  `review_date` datetime NOT NULL,
  `status` tinyint(1) NOT NULL DEFAULT '1'
) ENGINE=InnoDB DEFAULT CHARSET=utf8mb4;

--
-- Dumping data untuk tabel `reviews`
--

INSERT INTO `reviews` (`id`, `user_id`, `order_id`, `title`, `review_text`, `review_date`, `status`) VALUES
(4, 15, 13, 'riview pwlayanan', 'Barang Sesuai Pengiriman Cepat', '2024-06-13 11:51:36', 1),
(5, 15, 20, 'riview', 'Barangnya sesuai', '2024-06-24 09:00:37', 1);

-- --------------------------------------------------------

--
-- Struktur dari tabel `settings`
--

CREATE TABLE `settings` (
  `id` int(10) NOT NULL,
  `key` varchar(32) NOT NULL,
  `content` text NOT NULL
) ENGINE=InnoDB DEFAULT CHARSET=utf8mb4;

--
-- Dumping data untuk tabel `settings`
--

INSERT INTO `settings` (`id`, `key`, `content`) VALUES
(1, 'current_theme_name', 'Foodies'),
(2, 'store_name', 'GROCERYKITA'),
(3, 'store_phone_number', '082281666584'),
(4, 'store_email', 'GroceryKita@gmail.com'),
(5, 'store_tagline', 'Belanja 24 Jam'),
(6, 'store_logo', 'lgc.png'),
(7, 'max_product_image_size', '20000'),
(8, 'store_description', 'Belanja Perlengkapan dengan murah, mudah dan cepat'),
(9, 'store_address', 'Jl. Abdul Rahman Saleh No 18, Kota Pontianak'),
(10, 'min_shop_to_free_shipping_cost', '20000'),
(11, 'shipping_cost', '3000'),
(12, 'payment_banks', '{\"bank-jago-xx\":{\"bank\":\"BANK JAGO xx\",\"number\":\"123\",\"name\":\"Rehan baik\"},\r\n\"bank-bca\":{\"bank\":\"BANK BCA\",\"number\":\"xs\",\"name\":\"Theo\"},\r\n\"bank-bni\":{\"bank\":\"BANK BNI\",\"number\":\"xs\",\"name\":\"Nelson Jr\"},\r\n\"bank-bri\":{\"bank\":\"BANK BRI\",\"number\":\"xs\",\"name\":\"Gloria\"},\r\n\"bank-jagoss\":{\"bank\":\"BANK JAGOss\",\"number\":\"xs\",\"name\":\"Wawan\"},\r\n\"bank-cimb\":{\"bank\":\"BANK CIMB\",\"number\":\"asd\",\"name\":\"Angloi\"},\r\n\"bank-bri\":{\"bank\":\"BANK BRI\",\"number\":\"xs\",\"name\":\"GroceryKita\"}}');

-- --------------------------------------------------------

--
-- Struktur dari tabel `users`
--

CREATE TABLE `users` (
  `id` bigint(20) UNSIGNED NOT NULL,
  `name` varchar(50) COLLATE utf8mb4_unicode_ci DEFAULT NULL,
  `email` varchar(191) COLLATE utf8mb4_unicode_ci NOT NULL,
  `email_verified_at` timestamp NULL DEFAULT NULL,
  `username` varchar(16) COLLATE utf8mb4_unicode_ci NOT NULL,
  `password` varchar(191) COLLATE utf8mb4_unicode_ci NOT NULL,
  `profile_picture` varchar(128) COLLATE utf8mb4_unicode_ci DEFAULT NULL,
  `role` varchar(32) COLLATE utf8mb4_unicode_ci DEFAULT '0' COMMENT '1 = admin, 2 = customer',
  `register_date` datetime DEFAULT NULL
) ENGINE=InnoDB DEFAULT CHARSET=utf8mb4 COLLATE=utf8mb4_unicode_ci;

--
-- Dumping data untuk tabel `users`
--

INSERT INTO `users` (`id`, `name`, `email`, `email_verified_at`, `username`, `password`, `profile_picture`, `role`, `register_date`) VALUES
(1, 'Admin', 'admin@local.test', NULL, 'admin', '$2y$10$Brm3RNWFKvZ1e0ej1vBz9.QbFMW21q0l/iDSt5aDOoGj9zlLFuxh6', 'default.jpg', 'admin', NULL),
(7, 'Customer Toko', 'customer@local.test', NULL, 'customer', '$2y$10$6C/A5Yy1gt4yhStWDWN1M.isBaznzDc.MZJdIj7UddW3.qIX5vDvK', '', 'customer', '2020-03-29 08:14:30'),
(8, NULL, 'martinms.za@gmail.com', NULL, 'test', '$2y$10$gj4QxFnTj0dlpwJvT4aJiOM5UW6uCt7MdafC6VrnqsKDi0/JKmsLS', '', 'customer', '2021-05-07 10:25:08'),
(9, NULL, 'admin11@gmail.com', NULL, 'Admintoko', 'raihan$2y$10$uvhfSHaaH7tkaQGFBqVZqOG.ubOtWt3GRt./JjfU5u96n7oH7DpZO', '', 'customer', '2024-05-11 11:44:41'),
(11, NULL, 'siapa@gmail.com', NULL, 'pengguna', 'raihan$2y$10$EhS2/zgZJceh8Gs6s7VmreutRXPwV6B47JHDo7nRvHHWxNfmzV5py', '', 'admin', '2024-05-11 11:53:03'),
(12, NULL, 'ooo@gmail.com', NULL, 'oooooo', '$2y$10$XE1PfcbDh.Efp1QNULNpQO6ia42dfmKVUcZwW33Vz3ISocAx36Mxm', '', 'customer', '2024-05-12 08:04:31'),
(13, NULL, 'ujduijdi@gmail.com', NULL, 'pengguna2', '$2y$10$mzu8KiVhcuY.CHbd1VlXRO.siOsNYWVpCmjud37c4nqVwRTLxX.be', '', 'admin', '2024-05-12 08:17:41'),
(14, 'Admin', 'namin@gmail.com', NULL, 'NAMIN', '$2y$10$bycstJ2a4Y4I/3bnnGNWa.myfk9v3x0Dk1zjuKukQmEqkNCT98Ffq', 'profil212.jpg', 'admin', '2024-06-09 19:22:53'),
(15, NULL, 'user123@gmail.com', NULL, 'user', '$2y$10$HC0B78y84aipwIAxREYP0uXqje4wVV3gR5QS1rwcFoJibV375GroG', '', 'customer', '2024-06-10 18:48:57');

--
-- Indexes for dumped tables
--

--
-- Indexes for table `ci_sessions`
--
ALTER TABLE `ci_sessions`
  ADD KEY `ci_sessions_timestamp` (`timestamp`);

--
-- Indexes for table `contacts`
--
ALTER TABLE `contacts`
  ADD PRIMARY KEY (`id`),
  ADD KEY `FK_contacts_contacts` (`parent_id`);

--
-- Indexes for table `coupons`
--
ALTER TABLE `coupons`
  ADD PRIMARY KEY (`id`);

--
-- Indexes for table `customers`
--
ALTER TABLE `customers`
  ADD PRIMARY KEY (`id`),
  ADD KEY `FK_customers_users` (`user_id`);

--
-- Indexes for table `orders`
--
ALTER TABLE `orders`
  ADD PRIMARY KEY (`id`),
  ADD KEY `FK_orders_users` (`user_id`),
  ADD KEY `FK_orders_coupons` (`coupon_id`);

--
-- Indexes for table `order_items`
--
ALTER TABLE `order_items`
  ADD PRIMARY KEY (`id`),
  ADD KEY `order_id` (`order_id`),
  ADD KEY `product_id` (`product_id`);

--
-- Indexes for table `payments`
--
ALTER TABLE `payments`
  ADD PRIMARY KEY (`id`),
  ADD KEY `order_id` (`order_id`);

--
-- Indexes for table `products`
--
ALTER TABLE `products`
  ADD PRIMARY KEY (`id`),
  ADD KEY `FK_products_product_category` (`category_id`);

--
-- Indexes for table `product_category`
--
ALTER TABLE `product_category`
  ADD PRIMARY KEY (`id`);

--
-- Indexes for table `reviews`
--
ALTER TABLE `reviews`
  ADD PRIMARY KEY (`id`),
  ADD KEY `FK_reviews_users` (`user_id`),
  ADD KEY `FK_reviews_orders` (`order_id`);

--
-- Indexes for table `settings`
--
ALTER TABLE `settings`
  ADD PRIMARY KEY (`id`) USING BTREE;

--
-- Indexes for table `users`
--
ALTER TABLE `users`
  ADD PRIMARY KEY (`id`) USING BTREE,
  ADD UNIQUE KEY `users_email_unique` (`email`) USING BTREE;

--
-- AUTO_INCREMENT for dumped tables
--

--
-- AUTO_INCREMENT for table `contacts`
--
ALTER TABLE `contacts`
  MODIFY `id` int(10) NOT NULL AUTO_INCREMENT, AUTO_INCREMENT=5;

--
-- AUTO_INCREMENT for table `coupons`
--
ALTER TABLE `coupons`
  MODIFY `id` bigint(20) NOT NULL AUTO_INCREMENT, AUTO_INCREMENT=8;

--
-- AUTO_INCREMENT for table `customers`
--
ALTER TABLE `customers`
  MODIFY `id` bigint(20) NOT NULL AUTO_INCREMENT, AUTO_INCREMENT=14;

--
-- AUTO_INCREMENT for table `orders`
--
ALTER TABLE `orders`
  MODIFY `id` bigint(20) NOT NULL AUTO_INCREMENT, AUTO_INCREMENT=23;

--
-- AUTO_INCREMENT for table `order_items`
--
ALTER TABLE `order_items`
  MODIFY `id` bigint(20) NOT NULL AUTO_INCREMENT, AUTO_INCREMENT=35;

--
-- AUTO_INCREMENT for table `payments`
--
ALTER TABLE `payments`
  MODIFY `id` bigint(20) NOT NULL AUTO_INCREMENT, AUTO_INCREMENT=13;

--
-- AUTO_INCREMENT for table `products`
--
ALTER TABLE `products`
  MODIFY `id` bigint(20) NOT NULL AUTO_INCREMENT, AUTO_INCREMENT=20;

--
-- AUTO_INCREMENT for table `product_category`
--
ALTER TABLE `product_category`
  MODIFY `id` int(10) NOT NULL AUTO_INCREMENT, AUTO_INCREMENT=3;

--
-- AUTO_INCREMENT for table `reviews`
--
ALTER TABLE `reviews`
  MODIFY `id` bigint(20) NOT NULL AUTO_INCREMENT, AUTO_INCREMENT=6;

--
-- AUTO_INCREMENT for table `settings`
--
ALTER TABLE `settings`
  MODIFY `id` int(10) NOT NULL AUTO_INCREMENT, AUTO_INCREMENT=13;

--
-- AUTO_INCREMENT for table `users`
--
ALTER TABLE `users`
  MODIFY `id` bigint(20) UNSIGNED NOT NULL AUTO_INCREMENT, AUTO_INCREMENT=16;

--
-- Ketidakleluasaan untuk tabel pelimpahan (Dumped Tables)
--

--
-- Ketidakleluasaan untuk tabel `contacts`
--
ALTER TABLE `contacts`
  ADD CONSTRAINT `FK_contacts_contacts` FOREIGN KEY (`parent_id`) REFERENCES `contacts` (`id`) ON DELETE CASCADE ON UPDATE NO ACTION;

--
-- Ketidakleluasaan untuk tabel `customers`
--
ALTER TABLE `customers`
  ADD CONSTRAINT `FK_customers_users` FOREIGN KEY (`user_id`) REFERENCES `users` (`id`) ON DELETE NO ACTION ON UPDATE CASCADE;

--
-- Ketidakleluasaan untuk tabel `orders`
--
ALTER TABLE `orders`
  ADD CONSTRAINT `FK_orders_coupons` FOREIGN KEY (`coupon_id`) REFERENCES `coupons` (`id`) ON DELETE SET NULL ON UPDATE CASCADE,
  ADD CONSTRAINT `FK_orders_users` FOREIGN KEY (`user_id`) REFERENCES `users` (`id`) ON DELETE NO ACTION ON UPDATE CASCADE;

--
-- Ketidakleluasaan untuk tabel `order_items`
--
ALTER TABLE `order_items`
  ADD CONSTRAINT `order_items_ibfk_1` FOREIGN KEY (`order_id`) REFERENCES `orders` (`id`) ON DELETE CASCADE ON UPDATE NO ACTION,
  ADD CONSTRAINT `order_items_ibfk_2` FOREIGN KEY (`product_id`) REFERENCES `products` (`id`) ON DELETE CASCADE ON UPDATE NO ACTION;
COMMIT;

/*!40101 SET CHARACTER_SET_CLIENT=@OLD_CHARACTER_SET_CLIENT */;
/*!40101 SET CHARACTER_SET_RESULTS=@OLD_CHARACTER_SET_RESULTS */;
/*!40101 SET COLLATION_CONNECTION=@OLD_COLLATION_CONNECTION */;
